1,39.921188129213185,116.51175729584152,2008-02-02 15:36:08.000000,440,0101000020E61000003D48ACA1C0205D408F371C7EE9F54340,,132454
1,39.92153718892195,116.51175096284787,2008-02-02 15:36:08.000000,440,0101000020E610000033481C87C0205D40D93B3CEEF4F54340,,132455
1,39.92188289586938,116.5117971564486,2008-02-02 15:36:19.484000,440,0101000020E61000007B48DC48C1205D4019403C4200F64340,,132456
1,39.92200825189072,116.51168893676301,2008-02-02 15:36:30.918000,31001,0101000020E6100000D147F482BF205D40A341CC5D04F64340,,132457
1,39.92323163725209,116.5114603901981,2008-02-02 15:36:35.864000,31002,0101000020E61000006A465CC4BB205D40AC504C742CF64340,,132458
1,39.92382228204211,116.51139855037775,2008-02-02 15:37:16.523000,31002,0101000020E61000000846FCC0BA205D40EE57FCCE3FF64340,,132459
1,39.92454722355039,116.51137731622258,2008-02-02 15:37:36.018000,31002,0101000020E6100000E745EC67BA205D40D6603C9057F64340,,132460
1,39.93007052533486,116.51140693228112,2008-02-02 15:37:59.874000,31003,0101000020E6100000164624E4BA205D40B5A40C8D0CF74340,,132461
1,39.93732403823712,116.51144567530108,2008-02-02 15:41:01.588000,31004,0101000020E61000005246A486BB205D40D6FDEC3BFAF74340,,132462
1,39.93913862718207,116.51140208940362,2008-02-02 15:45:00.226000,31005,0101000020E61000000E46D4CFBA205D402314CDB135F84340,,132463
1,39.93924330784179,116.51139985422938,2008-02-02 15:45:59.935000,43162,0101000020E61000000A4674C6BA205D406C15ED1F39F84340,,132464
1,39.939193761479714,116.51122849087183,2008-02-02 15:46:08.000000,38116,0101000020E6100000FD44B4F7B7205D40D0144D8037F84340,,132465
1,39.93908461047153,116.5112292359299,2008-02-02 15:46:08.000000,43163,0101000020E6100000FE44D4FAB7205D407913ADEC33F84340,,132466
1,39.93732273438549,116.51124897996893,2008-02-02 15:46:10.205000,43167,0101000020E61000001D45A44DB8205D40D2FDFC30FAF74340,,132467
1,39.933521820609016,116.51125438163999,2008-02-02 15:46:45.803000,43168,0101000020E610000026454C64B8205D401ECF9CA47DF74340,,132468
1,39.93007294677361,116.51125922451747,2008-02-02 15:48:02.598000,43169,0101000020E61000002D459C78B8205D40BDA45CA10CF74340,,132469
1,39.92731697694921,116.51124152938816,2008-02-02 15:49:12.280000,43170,0101000020E61000001145642EB8205D40DF829C52B2F64340,,132470
1,39.9245541153376,116.51122383425886,2008-02-02 15:50:07.963000,43171,0101000020E6100000F6442CE4B7205D40EC600CCA57F64340,,132471
1,39.92381948807432,116.51123035351702,2008-02-02 15:51:03.785000,43172,0101000020E6100000004584FFB7205D40E5578CB73FF64340,,132472
1,39.923217108619596,116.51129535983418,2008-02-02 15:51:18.628000,43172,0101000020E610000066452C10B9205D407E506CFA2BF64340,,132473
1,39.92209710006633,116.51138942341632,2008-02-02 15:51:30.840000,43172,0101000020E6100000FA45B49ABA205D40BB421C4707F64340,,132474
1,39.92188289586938,116.5117971564486,2008-02-02 15:51:53.516000,43173,0101000020E61000007B48DC48C1205D4019403C4200F64340,,132475
1,39.92153718892195,116.51175096284787,2008-02-02 15:52:01.174000,440,0101000020E610000033481C87C0205D40D93B3CEEF4F54340,,132476
1,39.921188129213185,116.51175729584152,2008-02-02 15:52:08.195000,440,0101000020E61000003D48ACA1C0205D408F371C7EE9F54340,,132477
1,39.919896384773324,116.51188265186286,2008-02-02 15:52:15.248000,440,0101000020E6100000024974AFC2205D40B0272C2ABFF54340,,132478
1,39.91910606441884,116.51197615665144,2008-02-02 15:52:41.419000,439,0101000020E61000009549A437C4205D40FA1D7C44A5F54340,,132479
1,39.91889819321554,116.51200372380026,2008-02-02 15:52:57.453000,438,0101000020E6100000C04944ABC4205D406C1BBC749EF54340,,132480
1,39.91786014105067,116.51220693839059,2008-02-02 15:53:01.674000,438,0101000020E6100000004B9CFFC7205D40AA0EEC707CF54340,,132481
1,39.915516374607,116.51251725507939,2008-02-02 15:53:22.882000,438,0101000020E6100000E84C2C15CD205D40DDF1FBA32FF54340,,132482
1,39.915404057101995,116.51245262129126,2008-02-02 15:54:10.480000,437,0101000020E6100000824C1406CC205D407CF0CBF52BF54340,,132483
1,39.915318561687734,116.51239040894188,2008-02-02 15:54:12.960000,436,0101000020E6100000204C2401CB205D406FEF9B2829F54340,,132484
1,39.915641358099315,116.51518195528944,2008-02-02 15:54:14.938000,37392,0101000020E6100000475DBCBDF8205D4067F36BBC33F54340,,132485
1,39.915554745097936,116.51520337570913,2008-02-02 15:54:58.686000,45715,0101000020E6100000695D9417F9205D4056F2DBE530F54340,,132486
1,39.91311821892377,116.51574447413708,2008-02-02 15:55:00.468000,45716,0101000020E6100000BC601CF501215D4066D4CB0EE1F44340,,132487
1,39.91270191772361,116.51587690821015,2008-02-02 15:55:50.405000,45716,0101000020E61000008C61942004215D4048CF9B6AD3F44340,,132488
1,39.912266990071544,116.51598196139891,2008-02-02 15:56:08.000000,45716,0101000020E6100000316234D905215D40F0C92B2AC5F44340,,132489
1,39.91039819815155,116.51631444356548,2008-02-02 15:56:08.000000,45716,0101000020E61000003C64BC4B0B215D40F9B29BED87F44340,,132490
1,39.907634591481866,116.51680636816039,2008-02-02 15:56:33.428000,45717,0101000020E61000004267045B13215D400491CB5E2DF44340,,132491
1,39.906894562547535,116.51322804048422,2008-02-02 15:57:11.032000,38118,0101000020E610000046516CBAD8205D40EC87FB1E15F44340,,132492
1,39.906828624907774,116.51272344990201,2008-02-02 15:57:49.359000,38118,0101000020E61000002C4E0476D0205D401C87DBF512F44340,,132493
1,39.90680143028799,116.51222873133932,2008-02-02 15:57:54.653000,38118,0101000020E6100000224B045BC8205D40C786BB1112F44340,,132494
1,39.90678727418454,116.5109500254158,2008-02-02 15:57:59.782000,38118,0101000020E61000004743BC67B3205D409A86FB9A11F44340,,132495
1,39.906871465747166,116.50981139041062,2008-02-02 15:58:13.007000,38118,0101000020E6100000483CF4BFA0205D40A3873B5D14F44340,,132496
1,39.90691970825761,116.5051482581753,2008-02-02 15:58:24.837000,38118,0101000020E6100000A21F5C5954205D403B88EBF115F44340,,132497
1,39.90693628579981,116.50354191296269,2008-02-02 15:59:13.067000,38119,0101000020E6100000C315DC073A205D406F88FB7C16F44340,,132498
1,39.90696757823901,116.5005216337857,2008-02-02 15:59:29.681000,56954,0101000020E61000003403E48B08205D40D1887B8317F44340,,132499
1,39.906981734342466,116.49841311942964,2008-02-02 16:00:00.918000,56955,0101000020E610000040F62300E61F5D40FE883BFA17F44340,,132500
1,39.90699253768457,116.49824548136246,2008-02-02 16:00:22.725000,56955,0101000020E610000038F50341E31F5D402089DB5418F44340,,132501
1,39.90687966138601,116.49760696659104,2008-02-02 16:00:24.465000,47437,0101000020E61000004CF1E3CAD81F5D40BD87FBA114F44340,,132502
1,39.90691356152848,116.49406849952196,2008-02-02 16:00:31.241000,56968,0101000020E61000008FDB7BD19E1F5D4027885BBE15F44340,,132503
1,39.906880220179566,116.49118754620524,2008-02-02 16:01:07.838000,46440,0101000020E6100000DBC9E39D6F1F5D40BF87ABA614F44340,,132504
1,39.90689474881205,116.4888400544712,2008-02-02 16:01:37.635000,29745,0101000020E61000006FBBCB27491F5D40EC878B2015F44340,,132505
1,39.906948765522586,116.48378818818453,2008-02-02 16:02:01.913000,29746,0101000020E6100000659CBB62F61E5D409688ABE516F44340,,132506
1,39.90696273536152,116.48247874861535,2008-02-02 16:02:54.163000,29746,0101000020E610000059948BEEE01E5D40C288DB5A17F44340,,132507
1,39.90698359698766,116.47988706409679,2008-02-02 16:03:07.706000,29746,0101000020E61000006D843B78B61E5D400489DB0918F44340,,132508
1,39.90698937118775,116.47880337712475,2008-02-02 16:03:34.510000,29747,0101000020E6100000C57DEBB6A41E5D4016894B3A18F44340,,132509
1,39.90698415578121,116.47835298951759,2008-02-02 16:03:45.718000,852,0101000020E6100000007BDB559D1E5D4005898B0E18F44340,,132510
1,39.906983410723136,116.4771623867116,2008-02-02 16:03:50.376000,46441,0101000020E6100000B0731BD4891E5D4003894B0818F44340,,132511
1,39.907136892686864,116.47555976678937,2008-02-02 16:04:02.689000,25324,0101000020E6100000D7693B926F1E5D40E68ACB0F1DF44340,,132512
1,39.90713652015783,116.47536567916049,2008-02-02 16:04:19.391000,46445,0101000020E6100000A6682B646C1E5D40E58AAB0C1DF44340,,132513
1,39.90714862735157,116.47253632111556,2008-02-02 16:04:21.399000,46445,0101000020E61000004357FB083E1E5D400B8B3B721DF44340,,132514
1,39.90715123505483,116.47187973868579,2008-02-02 16:04:50.659000,46446,0101000020E61000003B531347331E5D40138B1B881DF44340,,132515
1,39.90974366463148,116.47191214871211,2008-02-02 16:04:57.450000,37909,0101000020E61000006E5303CF331E5D40EEAAFB7A72F44340,,132516
1,39.91037752278993,116.4719199718219,2008-02-02 16:05:32.402000,37910,0101000020E61000007A53D3EF331E5D40B8B22B4087F44340,,132517
1,39.9122997726269,116.47194399994487,2008-02-02 16:05:40.948000,37911,0101000020E6100000A0539B54341E5D4057CA2B3DC6F44340,,132518
1,39.91238396418953,116.47194344115131,2008-02-02 16:06:08.000000,37912,0101000020E61000009F534352341E5D4060CB6BFFC8F44340,,132519
1,39.91418644594073,116.47191494267989,2008-02-02 16:06:08.000000,37913,0101000020E61000007253BBDA331E5D4086E1BB0F04F54340,,132520
1,39.914280882051905,116.47191531520893,2008-02-02 16:07:14.711000,37914,0101000020E610000073534BDC331E5D40AFE2EB2707F54340,,132521
1,39.91435743676925,116.47191568773796,2008-02-02 16:07:18.206000,37885,0101000020E61000007353DBDD331E5D40A0E31BAA09F54340,,132522
1,39.91445708828696,116.47191755038315,2008-02-02 16:07:21.039000,37887,0101000020E61000007653ABE5331E5D40D9E40BEE0CF54340,,132523
1,39.9209608864999,116.47208611977292,2008-02-02 16:07:24.727000,37888,0101000020E61000007F54B3A8361E5D40C434DC0BE2F54340,,132524
1,39.9215308559283,116.47209524673437,2008-02-02 16:11:25.467000,37889,0101000020E61000008E54FBCE361E5D40C53B1CB9F4F54340,,132525
1,39.921649320162444,116.47214553815452,2008-02-02 16:11:46.562000,29955,0101000020E6100000DD54EBA1371E5D403A3DDC9AF8F54340,,132526
1,39.922718292237484,116.4721522436772,2008-02-02 16:11:51.173000,29956,0101000020E6100000E7540BBE371E5D405D4A0CA21BF64340,,132527
1,39.92690849885885,116.47221631867177,2008-02-02 16:12:30.734000,29957,0101000020E61000004C55CBCA381E5D40DA7D0CF0A4F64340,,132528
1,39.9269118516202,116.47209319782465,2008-02-02 16:15:05.816000,48930,0101000020E61000008A5463C6361E5D40E57D2C0CA5F64340,,132529
1,39.925819037686715,116.47207401257918,2008-02-02 16:15:09.312000,29953,0101000020E61000006C54EB75361E5D407770FC3C81F64340,,132530
1,39.92164373222687,116.47200881999751,2008-02-02 16:15:49.759000,29954,0101000020E610000006547B64351E5D40283DFC6BF8F54340,,132531
1,39.92153197351542,116.47196933191947,2008-02-02 16:18:24.290000,62570,0101000020E6100000C853DBBE341E5D40C93B7CC2F4F54340,,132532
1,39.920966660699996,116.4719618813387,2008-02-02 16:18:28.575000,62571,0101000020E6100000BC539B9F341E5D40D7344C3CE2F54340,,132533
1,39.91554543187198,116.47183838796255,2008-02-02 16:18:49.497000,62572,0101000020E6100000FA52A399321E5D4039F2BB9730F54340,,132534
1,39.914462117428975,116.47181603622025,2008-02-02 16:22:10.157000,62573,0101000020E6100000D652E33B321E5D40E9E43B180DF54340,,132535
1,39.9143589268854,116.47180877190401,2008-02-02 16:22:50.253000,62574,0101000020E6100000CB526B1D321E5D40A4E39BB609F54340,,132536
1,39.91428591119392,116.47180951696208,2008-02-02 16:22:54.078000,37886,0101000020E6100000CC528B20321E5D40BFE21B5207F54340,,132537
1,39.914190916289186,116.4718106345492,2008-02-02 16:22:56.780000,37903,0101000020E6100000CE523B25321E5D4094E13B3504F54340,,132538
1,39.91238377792501,116.47181193840083,2008-02-02 16:23:00.296000,37904,0101000020E6100000D052B32A321E5D405FCBDBFDC8F44340,,132539
1,39.91229846877527,116.47181082081372,2008-02-02 16:24:07.174000,37905,0101000020E6100000CE520326321E5D4053CA3B32C6F44340,,132540
1,39.91037770905445,116.47177971463903,2008-02-02 16:24:10.332000,37906,0101000020E61000009D528BA3311E5D40B9B2BB4187F44340,,132541
1,39.90973956681206,116.47176947009048,2008-02-02 16:25:21.421000,37907,0101000020E61000008D529378311E5D40E1AA9B5872F44340,,132542
1,39.90715179384839,116.47172737430917,2008-02-02 16:25:45.039000,37908,0101000020E61000004B5203C8301E5D40158BCB8C1DF44340,,132543
1,39.9071616658679,116.46767127814154,2008-02-02 16:27:20.815000,46448,0101000020E61000005F398353EE1D5D40348B9BDF1DF44340,,132544
1,39.907024947710894,116.46697297245949,2008-02-02 16:29:15.961000,21305,0101000020E610000015359BE2E21D5D408689BB6419F44340,,132545
1,39.907037054904634,116.4652027144701,2008-02-02 16:29:36.420000,46475,0101000020E6100000352A9BE1C51D5D40AC894BCA19F44340,,132546
1,39.9070435741628,116.4642307862095,2008-02-02 16:30:26.677000,46475,0101000020E61000003C240BF5B51D5D40C089FB001AF44340,,132547
1,39.90704711318867,116.46371762745942,2008-02-02 16:30:54.269000,54924,0101000020E61000001521B38CAD1D5D40CC89AB1E1AF44340,,132548
1,39.9070718863697,116.46006516650465,2008-02-02 16:31:08.838000,54924,0101000020E6100000A40A2BB5711D5D40198A7BEE1AF44340,,132549
1,39.9072680229083,116.45916737152265,2008-02-02 16:32:52.529000,40024,0101000020E610000020058BFF621D5D40828CCB5B21F44340,,132550
1,39.90728497297954,116.45766179541488,2008-02-02 16:33:19.030000,46477,0101000020E6100000E0FBB2544A1D5D40B88CFBE921F44340,,132551
1,39.90676026582927,116.457677627899,2008-02-02 16:34:01.775000,46457,0101000020E6100000F9FB1A974A1D5D4045866BB810F44340,,132552
1,39.90676194220994,116.4579566521486,2008-02-02 16:34:21.198000,25329,0101000020E6100000B0FD6A294F1D5D404A867BC610F44340,,132553
1,39.906447713966244,116.45793783943216,2008-02-02 16:34:29.120000,52383,0101000020E610000092FD82DA4E1D5D406E828B7A06F44340,,132554
1,39.90643821447577,116.4569232565967,2008-02-02 16:34:40.761000,52312,0101000020E610000056F70A3B3E1D5D405082DB2A06F44340,,132555
1,39.90646950691498,116.4568442804406,2008-02-02 16:35:09.566000,52314,0101000020E6100000DAF6CAEF3C1D5D40B3825B3107F44340,,132556
1,39.90645944863095,116.45677145101364,2008-02-02 16:35:12.089000,52314,0101000020E610000067F652BE3B1D5D409382FBDC06F44340,,132557
1,39.90640785335916,116.45671035625138,2008-02-02 16:35:14.190000,52314,0101000020E610000007F612BE3A1D5D40F1812B2C05F44340,,132558
1,39.90634117066133,116.45670867987072,2008-02-02 16:35:16.769000,52314,0101000020E610000005F60AB73A1D5D401F81CBFC02F44340,,132559
1,39.90629162429925,116.45675841249731,2008-02-02 16:35:19.238000,52314,0101000020E610000053F6A2873B1D5D4083802B5D01F44340,,132560
1,39.905200486746445,116.45663659550182,2008-02-02 16:35:21.552000,52305,0101000020E610000093F5B288391D5D401B730B9CDDF34340,,132561
1,39.90520439830134,116.45642816550496,2008-02-02 16:36:08.000000,26505,0101000020E61000004BF47A1E361D5D402773DBBCDDF34340,,132562
1,39.905210172501434,116.45611803508069,2008-02-02 16:36:08.000000,26506,0101000020E610000064F2B209311D5D4039734BEDDDF34340,,132563
1,39.90543518004049,116.45627822256711,2008-02-02 16:36:33.656000,48341,0101000020E610000060F392A9331D5D40FD75CB4CE5F34340,,132564
1,39.90565161941167,116.45637079603308,2008-02-02 16:37:01.297000,48341,0101000020E6100000F1F3DA2D351D5D40A6786B64ECF34340,,132565
1,39.906253812601875,116.45640152967874,2008-02-02 16:37:25.856000,48341,0101000020E610000022F4C2AE351D5D400C80FB1F00F44340,,132566
1,39.90659523546536,116.45643766499543,2008-02-02 16:38:30.831000,48341,0101000020E61000005AF45246361D5D403E840B500BF44340,,132567
1,39.90674312949351,116.45647622175089,2008-02-02 16:39:07.762000,48341,0101000020E610000097F40AE8361D5D400F86AB2810F44340,,132568
1,39.9067459234613,116.45666546650229,2008-02-02 16:39:24.023000,25327,0101000020E6100000C1F5CA013A1D5D4018861B4010F44340,,132569
1,39.90676026582927,116.457677627899,2008-02-02 16:39:39.677000,25328,0101000020E6100000F9FB1A974A1D5D4045866BB810F44340,,132570
1,39.90676194220994,116.4579566521486,2008-02-02 16:41:03.400000,25329,0101000020E6100000B0FD6A294F1D5D404A867BC610F44340,,132571
1,39.90676846146811,116.45893509966734,2008-02-02 16:41:26.476000,25330,0101000020E6100000B20353315F1D5D405F862BFD10F44340,,132572
1,39.906768088939074,116.45903791768188,2008-02-02 16:42:47.400000,25330,0101000020E6100000540493E0601D5D405E860BFA10F44340,,132573
1,39.90694820672903,116.4598217187782,2008-02-02 16:42:55.903000,29931,0101000020E6100000250913B86D1D5D409488FBE016F44340,,132574
1,39.906938148445,116.4615871338901,2008-02-02 16:44:03.572000,3606,0101000020E6100000FE13C3A48A1D5D4075889B8C16F44340,,132575
1,39.906910022502615,116.46449379171045,2008-02-02 16:46:29.581000,3607,0101000020E6100000DA252B44BA1D5D401C88ABA015F44340,,132576
1,39.90690853238647,116.46467800731982,2008-02-02 16:50:29.988000,3607,0101000020E6100000FB26D348BD1D5D4018882B9415F44340,,132577
1,39.90688916087648,116.46706833989326,2008-02-02 16:50:45.224000,3607,0101000020E6100000AB359B72E41D5D40DB87ABF114F44340,,132578
1,39.90677479446176,116.4675841063466,2008-02-02 16:54:02.922000,21306,0101000020E6100000D638E3E5EC1D5D4073864B3211F44340,,132579
1,39.90676771641004,116.46814960542656,2008-02-02 16:54:47.324000,25336,0101000020E6100000503CC329F61D5D405D86EBF610F44340,,132580
1,39.90676268726802,116.46862905029869,2008-02-02 16:55:34.099000,25337,0101000020E6100000423FB304FE1D5D404D86BBCC10F44340,,132581
1,39.906759334506674,116.46891235863221,2008-02-02 16:56:13.754000,25337,0101000020E6100000FF40FBA8021E5D4042869BB010F44340,,132582
1,39.90672915965458,116.47151391517029,2008-02-02 16:56:37.187000,25337,0101000020E6100000FB50B3482D1E5D40E3857BB30FF44340,,132583
1,39.906727669538434,116.4716545448822,2008-02-02 17:00:24.000000,25338,0101000020E6100000D8518B962F1E5D40DF85FBA60FF44340,,132584
1,39.905703773477015,116.47163703601741,2008-02-02 17:00:24.000000,37897,0101000020E6100000BD511B4D2F1E5D404A79EB19EEF34340,,132585
1,39.90520346697875,116.47162679146886,2008-02-02 17:02:49.868000,37898,0101000020E6100000AD5123222F1E5D4024730BB5DDF34340,,132586
1,39.90503117229859,116.471623252443,2008-02-02 17:04:01.147000,37898,0101000020E6100000A7514B132F1E5D400671BB0FD8F34340,,132587
1,39.90440364713379,116.47161021392667,2008-02-02 17:04:25.693000,37898,0101000020E610000093519BDC2E1E5D405069AB7FC3F34340,,132588
1,39.903983061849694,116.47160164575878,2008-02-02 17:05:55.097000,37899,0101000020E61000008551ABB82E1E5D4025648BB7B5F34340,,132589
1,39.90382641338914,116.47159698914581,2008-02-02 17:06:55.017000,37900,0101000020E61000007E5123A52E1E5D4038627B95B0F34340,,132590
1,39.90383144253116,116.47174264799973,2008-02-02 17:07:17.338000,37916,0101000020E610000063521308311E5D404862ABBFB0F34340,,132591
1,39.90398790472719,116.47174488317397,2008-02-02 17:07:33.271000,37976,0101000020E610000067527311311E5D4034642BE0B5F34340,,132592
1,39.904824791211446,116.47176760744529,2008-02-02 17:07:55.561000,37977,0101000020E61000008A52C370311E5D407D6E7B4CD1F34340,,132593
1,39.90492947187117,116.4717705876776,2008-02-02 17:09:54.803000,37977,0101000020E61000008F52437D311E5D40C66F9BBAD4F34340,,132594
1,39.90672562062872,116.47181957524612,2008-02-02 17:10:09.719000,37977,0101000020E6100000DC52BB4A321E5D40D885CB950FF44340,,132595
1,39.90692771763193,116.47184825998205,2008-02-02 17:14:25.640000,37894,0101000020E610000009530BC3321E5D4054881B3516F44340,,132596
1,39.90715123505483,116.47187973868579,2008-02-02 17:14:54.599000,37895,0101000020E61000003B531347331E5D40138B1B881DF44340,,132597
1,39.90974366463148,116.47191214871211,2008-02-02 17:15:26.625000,37909,0101000020E61000006E5303CF331E5D40EEAAFB7A72F44340,,132598
1,39.91037752278993,116.4719199718219,2008-02-02 17:21:35.938000,37910,0101000020E61000007A53D3EF331E5D40B8B22B4087F44340,,132599
1,39.9122997726269,116.47194399994487,2008-02-02 17:23:06.237000,37911,0101000020E6100000A0539B54341E5D4057CA2B3DC6F44340,,132600
1,39.91238396418953,116.47194344115131,2008-02-02 17:27:40.078000,37912,0101000020E61000009F534352341E5D4060CB6BFFC8F44340,,132601
1,39.91418644594073,116.47191494267989,2008-02-02 17:27:52.071000,37913,0101000020E61000007253BBDA331E5D4086E1BB0F04F54340,,132602
1,39.914280882051905,116.47191531520893,2008-02-02 17:32:08.857000,37914,0101000020E610000073534BDC331E5D40AFE2EB2707F54340,,132603
1,39.91417601512766,116.47550221105297,2008-02-02 17:32:22.310000,37445,0101000020E61000007C69D3A06E1E5D4065E13BB803F54340,,132604
1,39.91414286004326,116.47648773662345,2008-02-02 17:38:54.504000,37449,0101000020E61000008A6F6BC67E1E5D40FDE01BA202F54340,,132605
1,39.91414956556595,116.47848169830029,2008-02-02 17:40:42.288000,37449,0101000020E6100000CB7BB3719F1E5D4012E15BDA02F54340,,132606
1,39.914150310624024,116.47866852161292,2008-02-02 17:44:20.153000,37449,0101000020E6100000F07C4B81A21E5D4014E19BE002F54340,,132607
1,39.91415161447566,116.47881250408618,2008-02-02 17:44:40.566000,37450,0101000020E6100000D37D33DDA41E5D4018E18BEB02F54340,,132608
1,39.91415869252739,116.47958438425327,2008-02-02 17:44:56.299000,37450,0101000020E61000009182B382B11E5D402FE1EB2603F54340,,132609
1,39.91418085800515,116.48198291246555,2008-02-02 17:46:20.642000,37450,0101000020E61000004E91DBCED81E5D4074E1DBE003F54340,,132610
1,39.914198925663506,116.48350432105745,2008-02-02 17:50:42.728000,5205,0101000020E6100000A79A1BBCF11E5D40ADE16B7804F54340,,132611
1,39.91420674877331,116.48406385967279,2008-02-02 17:53:28.979000,37371,0101000020E6100000179EFBE6FA1E5D40C6E10BBA04F54340,,132612
1,39.91424009012223,116.48561637443937,2008-02-02 17:54:30.126000,41147,0101000020E6100000A1A7B356141F5D402FE2BBD105F54340,,132613
1,39.91427808808412,116.48780442374508,2008-02-02 17:57:19.822000,180,0101000020E610000012B50B30381F5D40A6E27B1007F54340,,132614
1,39.91434700595618,116.4898658131778,2008-02-02 18:01:18.953000,180,0101000020E6100000BCC123F6591F5D407FE39B5209F54340,,132615
1,39.914438461835054,116.4922606160997,2008-02-02 18:05:04.397000,37388,0101000020E610000073D0AB32811F5D409FE4CB510CF54340,,132616
1,39.91456549423707,116.49785525719498,2008-02-02 18:09:26.380000,37388,0101000020E6100000D3F24BDCDC1F5D402EE66B7B10F54340,,132617
1,39.91463068681875,116.50063860790368,2008-02-02 18:19:37.924000,37388,0101000020E6100000EC0384760A205D40FBE64B9E12F54340,,132618
1,39.914676880419485,116.50239191582185,2008-02-02 18:24:42.178000,37398,0101000020E6100000B20E6C3027205D408DE7CB2114F54340,,132619
1,39.91465061712229,116.50278027734414,2008-02-02 18:27:53.859000,37398,0101000020E61000001511548D2D205D403AE77B4513F54340,,132620
1,39.91466495949026,116.5035322272077,2008-02-02 18:28:36.456000,37387,0101000020E6100000B4153CDF39205D4067E7CBBD13F54340,,132621
1,39.914680233180825,116.50433130199458,2008-02-02 18:29:58.640000,37389,0101000020E61000009D1ACCF646205D4097E7EB3D14F54340,,132622
1,39.91473778891722,116.50475691642069,2008-02-02 18:31:25.975000,37399,0101000020E61000003A1DF4EF4D205D404CE8BB2016F54340,,132623
1,39.914821049157254,116.50585308311551,2008-02-02 18:32:13.195000,37399,0101000020E6100000F6239CE55F205D4052E92BDB18F54340,,132624
1,39.91498980481155,116.50810446235771,2008-02-02 18:34:13.548000,37386,0101000020E6100000CB3194C884205D4065EBCB621EF54340,,132625
1,39.915318561687734,116.51239040894188,2008-02-02 18:38:20.707000,37386,0101000020E6100000204C2401CB205D406FEF9B2829F54340,,132626
1,39.915404057101995,116.51245262129126,2008-02-02 18:46:11.326000,436,0101000020E6100000824C1406CC205D407CF0CBF52BF54340,,132627
1,39.91511758227164,116.50886293147943,2008-02-02 18:46:25.273000,37384,0101000020E61000007436D43591205D40F7ECAB9222F54340,,132628
1,39.9148936923197,116.50584470121215,2008-02-02 18:52:59.599000,37384,0101000020E6100000E92374C25F205D4037EA8B3C1BF54340,,132629
1,39.91480987328611,116.50475915159491,2008-02-02 18:58:30.911000,37397,0101000020E61000003D1D54F94D205D402FE96B7D18F54340,,132630
1,39.91484582233829,116.50434061522053,2008-02-02 19:00:30.118000,37397,0101000020E6100000AB1ADC1D47205D40A0E9FBAA19F54340,,132631
1,39.91482142168629,116.50352608047857,2008-02-02 19:01:16.133000,37390,0101000020E6100000AA1574C539205D4053E94BDE18F54340,,132632
1,39.91479944247304,116.50278716913135,2008-02-02 19:02:45.198000,37391,0101000020E610000020113CAA2D205D400EE9EB2518F54340,,132633
1,39.914754180194905,116.50239135702829,2008-02-02 19:04:05.992000,37396,0101000020E6100000B10E142E27205D4080E83BAA16F54340,,132634
1,39.91470705527158,116.50063544140686,2008-02-02 19:04:49.717000,37396,0101000020E6100000E7033C690A205D40ECE7EB1E15F54340,,132635
1,39.91462565767674,116.49748980620853,2008-02-02 19:08:01.687000,37385,0101000020E610000094F07BDFD61F5D40ECE61B7412F54340,,132636
1,39.91451557534595,116.49304627984121,2008-02-02 19:13:45.577000,37385,0101000020E610000047D5FB118E1F5D4091E5ABD80EF54340,,132637
1,39.914419276589584,116.48989878199768,2008-02-02 19:21:51.334000,37385,0101000020E6100000F0C16B805A1F5D4062E4DBB00BF54340,,132638
1,39.91434700595618,116.4898658131778,2008-02-02 19:27:35.507000,9471,0101000020E6100000BCC123F6591F5D407FE39B5209F54340,,132639
1,39.914438461835054,116.4922606160997,2008-02-02 19:27:46.414000,37388,0101000020E610000073D0AB32811F5D409FE4CB510CF54340,,132640
1,39.91456549423707,116.49785525719498,2008-02-02 19:32:08.397000,37388,0101000020E6100000D3F24BDCDC1F5D402EE66B7B10F54340,,132641
1,39.91463068681875,116.50063860790368,2008-02-02 19:42:19.941000,37388,0101000020E6100000EC0384760A205D40FBE64B9E12F54340,,132642
1,39.914676880419485,116.50239191582185,2008-02-02 19:47:24.195000,37398,0101000020E6100000B20E6C3027205D408DE7CB2114F54340,,132643
1,39.91465061712229,116.50278027734414,2008-02-02 19:50:35.875000,37398,0101000020E61000001511548D2D205D403AE77B4513F54340,,132644
1,39.91466495949026,116.5035322272077,2008-02-02 19:51:18.473000,37387,0101000020E6100000B4153CDF39205D4067E7CBBD13F54340,,132645
1,39.914680233180825,116.50433130199458,2008-02-02 19:52:40.657000,37389,0101000020E61000009D1ACCF646205D4097E7EB3D14F54340,,132646
1,39.91473778891722,116.50475691642069,2008-02-02 19:54:07.991000,37399,0101000020E61000003A1DF4EF4D205D404CE8BB2016F54340,,132647
1,39.914821049157254,116.50585308311551,2008-02-02 19:54:55.212000,37399,0101000020E6100000F6239CE55F205D4052E92BDB18F54340,,132648
1,39.91498980481155,116.50810446235771,2008-02-02 19:56:55.565000,37386,0101000020E6100000CB3194C884205D4065EBCB621EF54340,,132649
1,39.915318561687734,116.51239040894188,2008-02-02 20:01:02.724000,37386,0101000020E6100000204C2401CB205D406FEF9B2829F54340,,132650
1,39.915641358099315,116.51518195528944,2008-02-02 20:08:53.342000,37392,0101000020E6100000475DBCBDF8205D4067F36BBC33F54340,,132651
1,39.915554745097936,116.51520337570913,2008-02-02 20:14:01.792000,45715,0101000020E6100000695D9417F9205D4056F2DBE530F54340,,132652
1,39.91311821892377,116.51574447413708,2008-02-02 20:14:14.350000,45716,0101000020E6100000BC601CF501215D4066D4CB0EE1F44340,,132653
1,39.91270191772361,116.51587690821015,2008-02-02 20:20:06.438000,45716,0101000020E61000008C61942004215D4048CF9B6AD3F44340,,132654
1,39.912266990071544,116.51598196139891,2008-02-02 20:21:07.480000,45716,0101000020E6100000316234D905215D40F0C92B2AC5F44340,,132655
1,39.91039819815155,116.51631444356548,2008-02-02 20:22:10.491000,45716,0101000020E61000003C64BC4B0B215D40F9B29BED87F44340,,132656
1,39.91036727824138,116.51613358071745,2008-02-02 20:26:39.172000,62290,0101000020E61000002063245508215D4098B23BEA86F44340,,132657
1,39.910180454928735,116.51461980897083,2008-02-02 20:26:59.419000,62290,0101000020E6100000D359EC87EF205D404CB00BCB80F44340,,132658
1,39.91003479607481,116.51355679736041,2008-02-02 20:29:46.953000,62290,0101000020E61000004B53541DDE205D4082AE2B057CF44340,,132659
1,39.90993011541509,116.51355512097973,2008-02-02 20:31:44.945000,62288,0101000020E610000048534C16DE205D4039AD0B9778F44340,,132660
1,39.9099116752277,116.51233285320549,2008-02-02 20:31:59.858000,62286,0101000020E6100000C64BBC0FCA205D40FFAC5BFC77F44340,,132661
1,39.90984368867823,116.51164944868496,2008-02-02 20:34:13.439000,62286,0101000020E6100000934754DDBE205D4029AC0BC275F44340,,132662
1,39.90950263834378,116.5110671857983,2008-02-02 20:35:28.739000,62286,0101000020E6100000FF432453B5205D40F8A71B956AF44340,,132663
1,39.90982338584565,116.5107237140251,2008-02-02 20:36:48.790000,62285,0101000020E6100000E34184B2AF205D40E9ABBB1775F44340,,132664
1,39.91011563487609,116.51041805394928,2008-02-02 20:37:47.919000,62285,0101000020E610000002407CB0AA205D4080AF4BAB7EF44340,,132665
1,39.91056006201863,116.50957576579397,2008-02-02 20:40:33.000000,62285,0101000020E6100000D53AACE39C205D40F6B46B3B8DF44340,,132666
1,39.910802764687006,116.50903392230795,2008-02-02 20:40:33.000000,62285,0101000020E61000008137040394205D40F2B75B2F95F44340,,132667
1,39.91103317389712,116.5082292595855,2008-02-02 20:40:39.699000,62285,0101000020E6100000903204D486205D40C7BA2BBC9CF44340,,132668
1,39.91100858698059,116.50792359950968,2008-02-02 20:40:48.870000,62285,0101000020E6100000AF30FCD181205D4079BAEBED9BF44340,,132669
1,39.91122241864851,116.50700624675318,2008-02-02 20:40:52.152000,62285,0101000020E61000000C2B54CA72205D401ABDABEFA2F44340,,132670
1,39.91138297866396,116.50640535741461,2008-02-02 20:41:02.389000,62285,0101000020E61000005B2704F268205D4013BF8B32A8F44340,,132671
1,39.91155583213767,116.5063517132331,2008-02-02 20:41:09.183000,62285,0101000020E61000000627041168205D4033C18BDCADF44340,,132672
1,39.91138297866396,116.50640535741461,2008-02-02 20:41:11.657000,62285,0101000020E61000005B2704F268205D4013BF8B32A8F44340,,132673
1,39.91122241864851,116.50700624675318,2008-02-02 20:41:14.130000,62285,0101000020E61000000C2B54CA72205D401ABDABEFA2F44340,,132674
1,39.91100858698059,116.50792359950968,2008-02-02 20:41:20.924000,62285,0101000020E6100000AF30FCD181205D4079BAEBED9BF44340,,132675
1,39.91103317389712,116.5082292595855,2008-02-02 20:41:31.162000,62285,0101000020E6100000903204D486205D40C7BA2BBC9CF44340,,132676
1,39.910802764687006,116.50903392230795,2008-02-02 20:41:34.443000,62285,0101000020E61000008137040394205D40F2B75B2F95F44340,,132677
1,39.91056006201863,116.50957576579397,2008-02-02 20:41:43.614000,62285,0101000020E6100000D53AACE39C205D40F6B46B3B8DF44340,,132678
1,39.91011563487609,116.51041805394928,2008-02-02 20:41:50.314000,62285,0101000020E610000002407CB0AA205D4080AF4BAB7EF44340,,132679
1,39.90982338584565,116.5107237140251,2008-02-02 20:42:01.230000,62285,0101000020E6100000E34184B2AF205D40E9ABBB1775F44340,,132680
1,39.90950263834378,116.5110671857983,2008-02-02 20:42:06.446000,62285,0101000020E6100000FF432453B5205D40F8A71B956AF44340,,132681
1,39.90918151831288,116.51130839835052,2008-02-02 20:42:12.224000,62284,0101000020E61000007B45DC46B9205D4006A45B0F60F44340,,132682
1,39.90884829108823,116.5115229750765,2008-02-02 20:42:17.383000,62284,0101000020E6100000CC46DCCABC205D40EE9F0B2455F44340,,132683
1,39.90865532104645,116.51094760397704,2008-02-02 20:42:22.556000,62282,0101000020E61000004343945DB3205D408E9D4BD14EF44340,,132684
1,39.90891497378606,116.51073973277374,2008-02-02 20:42:29.262000,62275,0101000020E6100000FC41B4F5AF205D40BFA06B5357F44340,,132685
1,39.909444523813825,116.51025432743701,2008-02-02 20:42:33.503000,62275,0101000020E6100000013FC401A8205D4041A79BAD68F44340,,132686
1,39.90962948448128,116.51001888908488,2008-02-02 20:42:42.515000,62275,0101000020E61000008E3D4426A4205D4087A92BBD6EF44340,,132687
1,39.909823199581126,116.50967225081486,2008-02-02 20:42:46.113000,62275,0101000020E61000006D3B5C789E205D40E8AB2B1675F44340,,132688
1,39.91006348081075,116.50933101421589,2008-02-02 20:42:50.693000,62275,0101000020E610000054391CE198205D40DCAECBF57CF44340,,132689
1,39.91035051443466,116.50867685322487,2008-02-02 20:42:55.639000,62275,0101000020E610000050355C298E205D4063B29B5D86F44340,,132690
1,39.91044625439747,116.5083551744004,2008-02-02 20:43:03.686000,62275,0101000020E6100000563324E488205D4090B3BB8089F44340,,132691
1,39.910503065075794,116.50818772259774,2008-02-02 20:43:07.370000,62275,0101000020E61000004E32CC2586205D4043B44B5D8BF44340,,132692
1,39.9094627777367,116.50822497550156,2008-02-02 20:43:09.325000,62278,0101000020E610000089320CC286205D407BA7BB4669F44340,,132693
1,39.909316373824694,116.5080644154861,2008-02-02 20:43:23.812000,62278,0101000020E61000008C319C2084205D40AEA59B7A64F44340,,132694
1,39.909316373824694,116.50472823168475,2008-02-02 20:43:26.475000,62279,0101000020E61000000D1DA4774D205D40AEA59B7A64F44340,,132695
1,39.90745465995643,116.50473270203321,2008-02-02 20:44:02.098000,24796,0101000020E6100000141D648A4D205D40CE8E6B7927F44340,,132696
1,39.907409397678286,116.5046174042959,2008-02-02 20:44:28.014000,24796,0101000020E61000005F1CCCA64B205D403F8EBBFD25F44340,,132697
1,39.90736748816149,116.50455295677229,2008-02-02 20:44:29.397000,24796,0101000020E6100000F91B7C984A205D40BB8D2B9E24F44340,,132698
1,39.907290002121556,116.50453190888163,2008-02-02 20:44:30.299000,24797,0101000020E6100000D81B34404A205D40C88C2B1422F44340,,132699
1,39.90597795484911,116.50452091927501,2008-02-02 20:44:31.401000,3802,0101000020E6100000C71B1C124A205D40A87CEB15F7F34340,,132700
1,39.90590829191897,116.5044993125908,2008-02-02 20:44:49.666000,3802,0101000020E6100000A51B7CB749205D40CD7B8BCDF4F34340,,132701
1,39.905790759007424,116.5043793582405,2008-02-02 20:44:50.662000,3802,0101000020E6100000E81A5CC047205D405B7A9BF3F0F34340,,132702
1,39.90575369236813,116.5041753985921,2008-02-02 20:44:52.740000,3803,0101000020E6100000A719E46844205D40E779ABBCEFF34340,,132703
1,39.905766544619944,116.50277506193761,2008-02-02 20:44:54.978000,3803,0101000020E61000000D1174772D205D400F7A7B28F0F34340,,132704
1,39.90576952485225,116.50224178661946,2008-02-02 20:45:09.933000,23552,0101000020E6100000C60DBCBA24205D40197A7B41F0F34340,,132705
1,39.90581087557549,116.50206148256498,2008-02-02 20:45:15.627000,23552,0101000020E6100000AA0C7CC621205D409B7A5B9CF1F34340,,132706
1,39.90588687149928,116.50193817545335,2008-02-02 20:45:17.637000,23552,0101000020E6100000E80B4CC11F205D408A7BDB19F4F34340,,132707
1,39.90597869990719,116.5018634833812,2008-02-02 20:45:19.326000,23552,0101000020E6100000730B04881E205D40AB7C2B1CF7F34340,,132708
1,39.906123986232075,116.50179475177366,2008-02-02 20:45:20.833000,23552,0101000020E6100000070BBC671D205D40747EEBDEFBF34340,,132709
1,39.90627839951839,116.50183293600007,2008-02-02 20:45:22.984000,23552,0101000020E6100000430BE4071E205D4059803BEE00F44340,,132710
1,39.906380845003895,116.50194394965345,2008-02-02 20:45:25.172000,23552,0101000020E6100000F20B84D91F205D409C819B4904F44340,,132711
1,39.906471369560165,116.5021132641013,2008-02-02 20:45:27.027000,23552,0101000020E6100000FC0CAC9F22205D40B882FB4007F44340,,132712
1,39.90646522283104,116.50325599692589,2008-02-02 20:45:29.230000,45546,0101000020E61000000114A45835205D40A5826B0D07F44340,,132713
1,39.90646205633421,116.50387793415511,2008-02-02 20:45:41.433000,45547,0101000020E6100000D3173C893F205D409B82DBF206F44340,,132714
1,39.90645255684374,116.50563478109915,2008-02-02 20:45:48.074000,45548,0101000020E61000009F22FC515C205D407D822BA306F44340,,132715
1,39.906600637136414,116.50657094657207,2008-02-02 20:46:06.835000,45562,0101000020E61000005F288CA86B205D404F845B7D0BF44340,,132716
1,39.90654643416136,116.51220563453896,2008-02-02 20:46:17.042000,29750,0101000020E6100000FE4A24FAC7205D40A583ABB609F44340,,132717
1,39.906555747387316,116.51271972461163,2008-02-02 20:47:17.215000,29750,0101000020E6100000264E6466D0205D40C283CB040AF44340,,132718
1,39.90662056743996,116.51387754486227,2008-02-02 20:47:22.706000,29750,0101000020E61000004355A45EE3205D408E848B240CF44340,,132719
1,39.90670438647354,116.51449687438824,2008-02-02 20:47:35.102000,29750,0101000020E610000012594C84ED205D409585ABE30EF44340,,132720
1,39.90694280505797,116.51577744295696,2008-02-02 20:47:41.818000,29750,0101000020E6100000F060647F02215D408388ABB316F44340,,132721
1,39.907330235257675,116.51762034410879,2008-02-02 20:47:55.889000,29750,0101000020E6100000426C14B120215D40468DAB6523F44340,,132722
1,39.907416848259054,116.5184166249279,2008-02-02 20:48:16.293000,25598,0101000020E61000002771ECBC2D215D40578E3B3C26F44340,,132723
1,39.907603299042655,116.51964895098617,2008-02-02 20:48:24.881000,25598,0101000020E6100000B978ACED41215D40A1904B582CF44340,,132724
1,39.907717665457376,116.5201937747045,2008-02-02 20:48:38.294000,45550,0101000020E6100000127CD4DA4A215D400992AB1730F44340,,132725
1,39.90783631595603,116.52105822833758,2008-02-02 20:48:44.325000,45550,0101000020E610000062819C0459215D407E93FBFA33F44340,,132726
1,39.90790840032492,116.5216039833785,2008-02-02 20:48:53.703000,45551,0101000020E6100000BC84ACF561215D406194AB5736F44340,,132727
1,39.90797284784853,116.52236189370666,2008-02-02 20:48:59.616000,45551,0101000020E6100000648994606E215D402C954B7438F44340,,132728
1,39.90800618919744,116.52323715068185,2008-02-02 20:49:07.758000,45551,0101000020E6100000C58EACB77C215D409495FB8B39F44340,,132729
1,39.90801978650733,116.52367021568872,2008-02-02 20:49:17.116000,45552,0101000020E61000006E9114D083215D40BF950BFE39F44340,,132730
1,39.90859292243256,116.52373615332849,2008-02-02 20:49:21.744000,47059,0101000020E6100000D691A4E484215D40CA9CDBC54CF44340,,132731
1,39.909029526465304,116.52372087963792,2008-02-02 20:49:29.753000,11951,0101000020E6100000BE9194A484215D4028A25B145BF44340,,132732
1,39.911351686224755,116.5234181997944,2008-02-02 20:49:35.833000,11951,0101000020E6100000E28F0CAF7F215D40B1BE0B2CA7F44340,,132733
1,39.9115327353373,116.52324646390781,2008-02-02 20:50:08.320000,11951,0101000020E6100000D48EBCDE7C215D40EAC0CB1AADF44340,,132734
1,39.91298429473454,116.52254145270307,2008-02-02 20:50:33.000000,68934,0101000020E61000007F8AB45171215D40C0D25BABDCF44340,,132735
1,39.915748646462305,116.52249265139906,2008-02-02 20:50:33.000000,68934,0101000020E6100000328A048570215D40B8F46B4037F54340,,132736
1,39.91564974000267,116.52387529292425,2008-02-02 20:51:21.152000,25762,0101000020E6100000B1923C2C87215D4081F3BB0234F54340,,132737
1,39.91573635300404,116.52387790062751,2008-02-02 20:51:39.703000,56416,0101000020E6100000B5922C3787215D4091F44BD936F54340,,132738
1,39.915655141673724,116.52511767726655,2008-02-02 20:51:41.212000,5255,0101000020E6100000539A2C879B215D4092F30B3034F54340,,132739
1,39.91544708420591,116.52799062120893,2008-02-02 20:51:57.834000,5255,0101000020E6100000F9AB2C99CA215D4004F1BB5E2DF54340,,132740
1,39.91531744410062,116.52980707279906,2008-02-02 20:52:36.384000,5256,0101000020E610000022B7EC5BE8215D406CEF3B1F29F54340,,132741
1,39.91505741883198,116.5344536274922,2008-02-02 20:53:00.755000,5256,0101000020E6100000AFD3FC7C34225D403AECFB9920F54340,,132742
1,39.91491734791362,116.53853710454413,2008-02-02 20:54:02.994000,5256,0101000020E6100000C6EC546477225D4081EAFB021CF54340,,132743
1,39.91481434363457,116.54141656774469,2008-02-02 20:54:57.600000,5257,0101000020E610000077FEAC91A6225D403DE9EBA218F54340,,132744
1,39.91472177016858,116.54400061541797,2008-02-02 20:55:36.109000,5257,0101000020E6100000570EF5E7D0225D401AE85B9A15F54340,,132745
1,39.91471636849753,116.54449198121932,2008-02-02 20:56:10.667000,5257,0101000020E61000005C11E5F4D8225D4009E80B6D15F54340,,132746
1,39.914720652581465,116.54804926100483,2008-02-02 20:56:17.232000,5257,0101000020E61000003727353D13235D4016E8FB9015F54340,,132747
1,39.914734063626845,116.54997598119026,2008-02-02 20:57:04.754000,5258,0101000020E61000000D3375CE32235D4041E87B0116F54340,,132748
1,39.91478211987277,116.55315067365358,2008-02-02 20:57:30.495000,5258,0101000020E61000008F4615D266235D40D8E89B9417F54340,,132749
1,39.91491604406199,116.55567269524201,2008-02-02 20:58:12.914000,5258,0101000020E61000000E56352490235D407DEA0BF81BF54340,,132750
1,39.91493634689457,116.55644885949303,2008-02-02 20:58:46.687000,5258,0101000020E6100000D25AADDB9C235D40BDEA5BA21CF54340,,132751
1,39.91492405343631,116.55726656073183,2008-02-02 20:58:57.062000,5258,0101000020E6100000D95F5D41AA235D4096EA3B3B1CF54340,,132752
1,39.91485383171261,116.55844915416351,2008-02-02 20:59:07.988000,5258,0101000020E61000001D6785A1BD235D40B9E92BEE19F54340,,132753
1,39.914733504833286,116.56006481260206,2008-02-02 20:59:23.833000,5258,0101000020E61000000A71151AD8235D403FE8CBFC15F54340,,132754
1,39.91448987084232,116.5636047697873,2008-02-02 21:00:33.000000,5259,0101000020E6100000CA86BD1912245D4040E50B010EF54340,,132755
1,39.914428031021984,116.56445506731693,2008-02-02 21:00:33.000000,5260,0101000020E6100000038C250820245D407EE44BFA0BF54340,,132756
1,39.914320183865435,116.56556110603127,2008-02-02 21:00:47.726000,5260,0101000020E6100000CF92352732245D402BE39B7108F54340,,132757
1,39.913946164711106,116.56841523725723,2008-02-02 21:01:06.950000,5260,0101000020E610000058A44DEA60245D4092DE1B30FCF44340,,132758
1,39.9136103297832,116.57108086878988,2008-02-02 21:01:56.875000,5260,0101000020E6100000B9B4C5968C245D4072DAEB2EF1F44340,,132759
1,39.91333745226273,116.57341327309787,2008-02-02 21:02:43.453000,5261,0101000020E61000000DC395CDB2245D4017D7DB3DE8F44340,,132760
1,39.91294313027583,116.57669488139514,2008-02-02 21:03:24.134000,5261,0101000020E610000037D7A591E8245D403FD20B52DBF44340,,132761
1,39.912811441260835,116.57786052475558,2008-02-02 21:04:21.408000,5262,0101000020E610000060DEB5AAFB245D40A1D05B01D7F44340,,132762
1,39.91275109155665,116.57833903830512,2008-02-02 21:04:41.723000,5262,0101000020E610000051E1BD8103255D40E3CF1B07D5F44340,,132763
1,39.91265516532932,116.57893359465004,2008-02-02 21:04:50.085000,5262,0101000020E6100000F8E47D3F0D255D40B5CE6BE2D1F44340,,132764
1,39.91245958758428,116.57995320662752,2008-02-02 21:05:00.561000,5262,0101000020E61000003CEB0DF41D255D404ECCCB79CBF44340,,132765
1,39.912333486504856,116.58048704073921,2008-02-02 21:05:18.683000,5262,0101000020E610000083EE1DB326255D40C1CAFB57C7F44340,,132766
1,39.91202931654519,116.58151857364592,2008-02-02 21:05:28.315000,5262,0101000020E6100000DAF4AD9937255D4004C76B60BDF44340,,132767
1,39.91118032286719,116.58455505783607,2008-02-02 21:05:47.370000,5262,0101000020E610000082079E5969255D4095BC8B8EA1F44340,,132768
1,39.91108663181409,116.58503003235974,2008-02-02 21:06:43.098000,5263,0101000020E61000006D0ACE2171255D406FBB9B7C9EF44340,,132769
1,39.91097207913485,116.58564023492426,2008-02-02 21:06:51.555000,5263,0101000020E61000002C0E2E217B255D4006BAABBB9AF44340,,132770
1,39.91086292812667,116.58633518784498,2008-02-02 21:07:02.387000,5263,0101000020E61000007212068486255D40AFB80B2897F44340,,132771
1,39.910796245428834,116.58694986075795,2008-02-02 21:07:14.619000,5263,0101000020E61000003816269690255D40DDB7ABF894F44340,,132772
1,39.91075414964752,116.58751368345723,2008-02-02 21:07:25.323000,5263,0101000020E6100000AF19FED299255D4059B78B9793F44340,,132773
1,39.91071820059534,116.58830921921825,2008-02-02 21:07:35.091000,5263,0101000020E6100000921EB6DBA6255D40E8B6FB6992F44340,,132774
1,39.910770354660684,116.58983025528111,2008-02-02 21:07:48.832000,5263,0101000020E6100000EB2766C7BF255D408CB77B1F94F44340,,132775
1,39.910779667886636,116.59032925792775,2008-02-02 21:08:15.086000,5263,0101000020E6100000FC2A5EF4C7255D40A9B79B6D94F44340,,132776
1,39.91088378975281,116.59238003028288,2008-02-02 21:08:23.693000,45668,0101000020E61000009537EE8DE9255D40F1B80BD797F44340,,132777
1,39.91088453481088,116.59265849573892,2008-02-02 21:08:59.132000,45668,0101000020E61000004B39E61DEE255D40F3B84BDD97F44340,,132778
1,39.91084057638438,116.59296974375032,2008-02-02 21:09:03.934000,45668,0101000020E6100000353B5E37F3255D4069B88B6C96F44340,,132779
1,39.91072118082764,116.59348811790693,2008-02-02 21:09:09.391000,45668,0101000020E6100000643E96B5FB255D40F1B6FB8292F44340,,132780
1,39.9106407145554,116.59360434696684,2008-02-02 21:09:18.723000,56427,0101000020E61000001B3F169DFD255D40F4B5FBDF8FF44340,,132781
1,39.91059563854178,116.59370176331032,2008-02-02 21:09:21.423000,56427,0101000020E6100000B43FAE35FF255D4066B5DB658EF44340,,132782
1,39.9103352407441,116.59372020349771,2008-02-02 21:09:23.385000,10005,0101000020E6100000D13F0683FF255D4033B27BDD85F44340,,132783
1,39.91012029148907,116.59403033392199,2008-02-02 21:09:29.247000,10006,0101000020E6100000B941CE9704265D408FAF5BD27EF44340,,132784
1,39.90998804368052,116.59417655156948,2008-02-02 21:09:36.455000,10006,0101000020E61000009F4216FD06265D40EFADFB7C7AF44340,,132785
1,39.909841080974964,116.59425478266749,2008-02-02 21:09:40.353000,10006,0101000020E61000001A43364508265D4021AC2BAC75F44340,,132786
1,39.90940466320674,116.5943788348372,2008-02-02 21:09:43.921000,10006,0101000020E6100000DD43864D0A265D40C4A63B5F67F44340,,132787
1,39.9083161333572,116.59470647412627,2008-02-02 21:09:53.962000,56423,0101000020E6100000E045BEAB0F265D406399FBB343F44340,,132788
1,39.907715244018625,116.59490223813583,2008-02-02 21:10:33.000000,45683,0101000020E61000001447D6E012265D4001925B0330F44340,,132789
1,39.90771487148959,116.59575272192998,2008-02-02 21:10:33.000000,74889,0101000020E61000004E4C06D020265D4000923B0030F44340,,132790
1,39.90762043537841,116.59921947715922,2008-02-02 21:10:47.665000,74889,0101000020E61000009B61A69C59265D40D7900BE82CF44340,,132791
1,39.907585417648825,116.59978069215522,2008-02-02 21:11:47.483000,74889,0101000020E61000000D658ECE62265D4069904BC22BF44340,,132792
1,39.90752097012522,116.60017333776146,2008-02-02 21:11:57.193000,74889,0101000020E610000077676E3D69265D409E8FABA529F44340,,132793
1,39.90728832574088,116.60118568542269,2008-02-02 21:12:04.117000,74889,0101000020E6100000AF6D86D379265D40C28C1B0622F44340,,132794
1,39.907071700105185,116.60176310543187,2008-02-02 21:12:22.340000,74889,0101000020E61000003C71664983265D40198AEBEC1AF44340,,132795
1,39.906857682172756,116.60223509972323,2008-02-02 21:12:33.424000,74889,0101000020E6100000227416058B265D4078879BE913F44340,,132796
1,39.90654028743223,116.60282611704228,2008-02-02 21:12:42.879000,74889,0101000020E6100000C377FEB394265D4091831B8309F44340,,132797
1,39.9060569310052,116.60351827599521,2008-02-02 21:12:55.320000,74889,0101000020E6100000047C1E0BA0265D40A17D6BACF9F34340,,132798
1,39.90582000253692,116.60377923258646,2008-02-02 21:13:11.461000,74889,0101000020E61000009F7DA651A4265D40B77AEBE8F1F34340,,132799
1,39.90496355827816,116.60469639907843,2008-02-02 21:13:18.434000,21332,0101000020E610000041838658B3265D4031708BD8D5F34340,,132800
1,39.904395824023986,116.60535056006947,2008-02-02 21:13:43.350000,21324,0101000020E610000046874610BE265D4037690B3EC3F34340,,132801
1,39.90415144497495,116.60572197152052,2008-02-02 21:14:00.383000,21325,0101000020E61000008E891626C4265D4037660B3CBBF34340,,132802
1,39.903927182493966,116.60631522401381,2008-02-02 21:14:08.822000,21325,0101000020E6100000338D5EDECD265D407563CBE2B3F34340,,132803
1,39.90383554035058,116.60703196988327,2008-02-02 21:14:20.227000,21325,0101000020E61000009B919E9CD9265D4055620BE2B0F34340,,132804
1,39.90384522610557,116.60756151991103,2008-02-02 21:14:32.757000,21325,0101000020E6100000DC94B649E2265D4073624B33B1F34340,,132805
1,39.90390725219042,116.60815104711394,2008-02-02 21:14:41.892000,21325,0101000020E61000007B985EF2EB265D4036639B3BB3F34340,,132806
1,39.90405365610243,116.60971436522263,2008-02-02 21:14:52.154000,21326,0101000020E610000016A2668F05275D400365BB07B8F34340,,132807
1,39.90426916415101,116.61100033546239,2008-02-02 21:15:19.313000,21326,0101000020E6100000FCA926A11A275D40A9678B17BFF34340,,132808
1,39.9042905845707,116.61127880091843,2008-02-02 21:15:42.012000,21326,0101000020E6100000B2AB1E311F275D40EC673BCBBFF34340,,132809
1,39.904214588646916,116.61165784921478,2008-02-02 21:15:46.838000,21326,0101000020E610000007AEF66625275D40FD66BB4DBDF34340,,132810
1,39.9041363575489,116.61184951540491,2008-02-02 21:15:53.595000,21326,0101000020E610000034AFDE8A28275D4007667BBDBAF34340,,132811
1,39.903788042898206,116.61253962544814,2008-02-02 21:15:57.339000,21326,0101000020E610000072B366D933275D40BF619B53AFF34340,,132812
1,39.90376718127207,116.61270093052165,2008-02-02 21:16:11.584000,21327,0101000020E61000006FB4F67D36275D407E619BA4AEF34340,,132813
1,39.903770720297935,116.61288104831162,2008-02-02 21:16:14.405000,21327,0101000020E61000008BB56E7139275D4089614BC2AEF34340,,132814
1,39.90395121061693,116.61380361647466,2008-02-02 21:16:17.512000,21327,0101000020E610000036BBF68E48275D40C1635BACB4F34340,,132815
1,39.90399889433382,116.61390941472149,2008-02-02 21:16:33.931000,21327,0101000020E6100000DCBBB64A4A275D4057645B3CB6F34340,,132816
1,39.904077684225385,116.61399863542613,2008-02-02 21:16:36.047000,21327,0101000020E610000068BCEEC04B275D404E654BD1B8F34340,,132817
1,39.904216823821145,116.61405563236897,2008-02-02 21:16:38.393000,21328,0101000020E6100000C2BCFEAF4C275D4004677B60BDF34340,,132818
1,39.90447331006393,116.61411113919566,2008-02-02 21:16:41.672000,21328,0101000020E610000019BDCE984D275D402B6A0BC8C5F34340,,132819
1,39.90463964427947,116.6141867625904,2008-02-02 21:16:47.517000,21328,0101000020E610000090BDFED54E275D40366C5B3BCBF34340,,132820
1,39.9047892146883,116.6143145400505,2008-02-02 21:16:51.477000,21328,0101000020E610000059BEEEED50275D400D6E0B22D0F34340,,132821
1,39.90491680588387,116.61451626452468,2008-02-02 21:16:55.497000,21328,0101000020E610000097BF063C54275D409E6F5B50D4F34340,,132822
1,39.90499932106583,116.61481037620031,2008-02-02 21:17:00.005000,21328,0101000020E610000065C19E0D59275D40A2708B04D7F34340,,132823
1,39.905158949758686,116.61505289260417,2008-02-02 21:17:05.406000,25319,0101000020E6100000E3C2CE065D275D4098729B3FDCF34340,,132824
1,39.90522712257267,116.61594286447635,2008-02-02 21:17:10.916000,74928,0101000020E61000005AC89E9B6B275D406E737B7BDEF34340,,132825
1,39.90526418921197,116.61783866475162,2008-02-02 21:17:26.340000,74929,0101000020E610000000D42EAB8A275D40E3736BB2DFF34340,,132826
1,39.905269218353986,116.61842279028347,2008-02-02 21:17:59.043000,3098,0101000020E610000097D72E3D94275D40F3739BDCDFF34340,,132827
1,39.90529697176733,116.6195150454234,2008-02-02 21:18:09.116000,3098,0101000020E61000004DDE6E22A6275D404A746BC5E0F34340,,132828
1,39.90531056907722,116.62092506783289,2008-02-02 21:18:27.962000,3098,0101000020E6100000F7E67E3CBD275D4075747B37E1F34340,,132829
1,39.90527629640571,116.62349011652522,2008-02-02 21:18:52.279000,3098,0101000020E6100000B9F61643E7275D400974FB17E0F34340,,132830
1,39.90522954401142,116.62489343341201,2008-02-02 21:19:36.519000,3099,0101000020E610000058FF0641FE275D407673CB8FDEF34340,,132831
1,39.90519266363664,116.6262682518274,2008-02-02 21:20:00.741000,3099,0101000020E6100000CB076FC714285D4002736B5ADDF34340,,132832
1,39.90511536386122,116.62740558298094,2008-02-02 21:20:24.464000,3099,0101000020E6100000C80EBF6927285D400F72FBD1DAF34340,,132833
1,39.90504234816974,116.62820633414849,2008-02-02 21:20:44.153000,3099,0101000020E6100000B313578834285D4029717B6DD8F34340,,132834
1,39.90495294120058,116.62885751490721,2008-02-02 21:20:58.059000,3099,0101000020E6100000B31797333F285D4010707B7FD5F34340,,132835
1,39.90480895872732,116.62939693695449,2008-02-02 21:21:09.467000,3099,0101000020E6100000041B170A48285D404B6EABC7D0F34340,,132836
1,39.90458842153672,116.62992518313062,2008-02-02 21:21:19.316000,3099,0101000020E6100000431EB7B150285D40956BAB8DC9F34340,,132837
1,39.90428928071907,116.63043368526772,2008-02-02 21:21:29.687000,3099,0101000020E61000006221870659285D40E8674BC0BFF34340,,132838
1,39.90390725219042,116.63089692512669,2008-02-02 21:21:40.738000,3099,0101000020E61000003B247F9D60285D4036639B3BB3F34340,,132839
1,39.903593023946726,116.6311761356408,2008-02-02 21:21:52.467000,3099,0101000020E6100000F225973065285D405A5FABEFA8F34340,,132840
1,39.90302324078284,116.63153543989812,2008-02-02 21:22:01.016000,3099,0101000020E610000027289F136B285D405958FB4396F34340,,132841
1,39.90191198666197,116.63224436265776,2008-02-02 21:22:15.244000,3434,0101000020E6100000822C0FB176285D40B24A1BDA71F34340,,132842
1,39.901865979325756,116.63230042827801,2008-02-02 21:22:43.056000,3435,0101000020E6100000DB2C379C77285D40214A2B5870F34340,,132843
1,39.901789238343895,116.6323510922272,2008-02-02 21:22:44.472000,3435,0101000020E61000002A2DB77078285D4030496BD46DF34340,,132844
1,39.90112166630749,116.63272082729759,2008-02-02 21:22:46.406000,3435,0101000020E6100000702F7F7F7E285D40FC406BF457F34340,,132845
1,39.89809095631743,116.63471143621307,2008-02-02 21:23:02.711000,3436,0101000020E6100000AB3BB71C9F285D40BE1BFBA4F4F24340,,132846
1,39.89457800748746,116.63708928906372,2008-02-02 21:24:19.002000,3436,0101000020E6100000474A2712C6285D4093F03A8881F24340,,132847
1,39.89429916950239,116.63729902291222,2008-02-02 21:25:47.987000,3436,0101000020E6100000914BD781C9285D4026ED2A6578F24340,,132848
1,39.89374633640974,116.63775965506791,2008-02-02 21:25:55.224000,3436,0101000020E6100000654EDF0DD1285D405BE6AA4766F24340,,132849
1,39.89357888460708,116.63795728172266,2008-02-02 21:26:09.974000,3436,0101000020E61000009C4FC74AD4285D404CE4FACA60F24340,,132850
1,39.89334735780986,116.6377935552104,2008-02-02 21:26:15.052000,19135,0101000020E61000009B4E0F9CD1285D4074E1CA3459F24340,,132851
1,39.89137109126235,116.63759015435555,2008-02-02 21:26:20.973000,19135,0101000020E61000005B4DEF46CE285D402BC9AA7218F24340,,132852
1,39.8911773761625,116.6375584893873,2008-02-02 21:27:05.538000,19136,0101000020E6100000294D1FC2CD285D40CAC6AA1912F24340,,132853
1,39.88716896371176,116.63750819796715,2008-02-02 21:27:09.927000,19137,0101000020E6100000DA4C2FEFCC285D408895AAC08EF14340,,132854
1,39.886164997953884,116.6374443092371,2008-02-02 21:28:40.040000,19138,0101000020E6100000754C37E3CB285D403289CADA6DF14340,,132855
1,39.885333326876165,116.6374120854753,2008-02-02 21:29:02.636000,19138,0101000020E6100000434C0F5CCB285D40FA7E3A9A52F14340,,132856
1,39.884042141229855,116.63717627459414,2008-02-02 21:29:21.340000,19138,0101000020E6100000D04AFF7EC7285D401C6FFA4A28F14340,,132857
1,39.88214745854171,116.63667187027644,2008-02-02 21:29:50.650000,19139,0101000020E6100000B6475F3BBF285D40D4573A35EAF04340,,132858
1,39.881416370304294,116.63657911054594,2008-02-02 21:30:34.122000,19139,0101000020E610000024474FB6BD285D40D84E6A40D2F04340,,132859
1,39.880887751599126,116.63669329069614,2008-02-02 21:30:50.634000,74890,0101000020E6100000D8473795BF285D4059480AEEC0F04340,,132860
1,39.88056663156822,116.63677915863944,2008-02-02 21:31:02.680000,74890,0101000020E61000005F485FFDC0285D4067444A68B6F04340,,132861
1,39.880454872856774,116.63683894955007,2008-02-02 21:31:10.049000,74890,0101000020E6100000BD4827F8C1285D400843CABEB2F04340,,132862
1,39.880286862260554,116.63692928784182,2008-02-02 21:31:12.765000,74891,0101000020E61000004B490F73C3285D40F7406A3DADF04340,,132863
1,39.879833866950136,116.63730479711231,2008-02-02 21:31:16.851000,74891,0101000020E61000009A4B0F9AC9285D40663B6A659EF04340,,132864
1,39.87950455128039,116.63776617432607,2008-02-02 21:31:28.920000,74891,0101000020E61000006F4E3729D1285D405A37EA9A93F04340,,132865
1,39.87814891811048,116.64005834549796,2008-02-02 21:31:39.789000,74891,0101000020E6100000855C47B7F6285D40B2260A2F67F04340,,132866
1,39.87804423745075,116.64014123320895,2008-02-02 21:32:29.713000,74892,0101000020E6100000075DEF12F8285D406825EAC063F04340,,132867
1,39.87575430145311,116.64324328250981,2008-02-02 21:32:32.466000,56906,0101000020E61000001670DFE52A295D4045098AB718F04340,,132868
1,39.87570065727161,116.64331294543996,2008-02-02 21:33:46.722000,56907,0101000020E610000084700F0A2C295D409C088AF516F04340,,132869
1,39.874945540911234,116.64431020567514,2008-02-02 21:33:48.424000,56907,0101000020E6100000A476DF603C295D4055FF2937FEEF4340,,132870
1,39.874632616519165,116.64501838337671,2008-02-02 21:34:12.593000,56907,0101000020E6100000FE7A2FFB47295D407CFB29F6F3EF4340,,132871
1,39.874539856788665,116.64535142433684,2008-02-02 21:34:26.691000,56908,0101000020E61000000A7D0F704D295D4059FA09ECF0EF4340,,132872
1,39.87440798150915,116.646070219116,2008-02-02 21:34:32.804000,56908,0101000020E61000007581E73659295D40BAF8C999ECEF4340,,132873
1,39.87439978587031,116.64689648852266,2008-02-02 21:34:45.554000,56908,0101000020E6100000888687C066295D40A0F80955ECEF4340,,132874
1,39.87439792322512,116.64825845468621,2008-02-02 21:34:59.810000,56908,0101000020E6100000E68E07117D295D409AF86945ECEF4340,,132875
1,39.874397736960596,116.64841938723072,2008-02-02 21:35:23.307000,56909,0101000020E6100000E48F07B47F295D4099F8D943ECEF4340,,132876
1,39.87439345287666,116.65162779357198,2008-02-02 21:35:26.084000,56910,0101000020E61000009AA30F45B4295D408CF8E91FECEF4340,,132877
1,39.870177914280696,116.6516309600688,2008-02-02 21:36:21.436000,11795,0101000020E61000009FA35752B4295D40BFC469FD61EF4340,,132878
1,39.86810274127355,116.65162742104293,2008-02-02 21:37:56.201000,11794,0101000020E610000099A37F43B4295D403FAB99FD1DEF4340,,132879
1,39.86521079835022,116.6516201567267,2008-02-02 21:38:42.851000,11793,0101000020E61000008EA30725B4295D40B687393ABFEE4340,,132880
1,39.862434898222276,116.65161754902343,2008-02-02 21:39:47.862000,11792,0101000020E61000008AA3171AB4295D409A65494464EE4340,,132881
1,39.862204489012164,116.65161717649438,2008-02-02 21:39:53.041000,11791,0101000020E610000089A38718B4295D40C56279B75CEE4340,,132882
1,39.8621931268765,116.65520612124814,2008-02-02 21:40:54.970000,19092,0101000020E610000096B9A7E5EE295D40A16229585CEE4340,,132883
